Fecha,AAPL,MSFT,NVDA,AVGO,GOOGL,AMZN,PANW,LLY,JNJ,UNH,JPM,BRK/B,V,XOM,NEE,ETN,PG,WMT,KO,LMT,SPX
2021-04-30,131.46,252.18,15.0095,45.62,117.675,173.371,58.898,182.77,162.73,398.8,153.81,274.95,233.56,57.24,77.51,142.93,133.42,46.6367,53.98,380.56,4181.17
2021-05-31,124.61,249.68,16.2445,47.233,117.843,161.154,60.542,199.74,169.25,411.92,164.24,289.44,227.3,58.37,73.22,145.25,134.85,47.3433,55.29,382.2,4204.11
2021-06-30,136.96,270.9,20.0025,47.684,122.09,172.008,61.842,229.52,164.74,400.44,155.54,277.92,233.82,63.08,73.28,148.18,134.93,47.0067,54.11,378.35,4297.5
2021-07-30,145.86,284.91,19.499,48.54,134.727,166.38,66.508,243.5,172.2,412.22,151.78,278.29,246.39,57.57,77.9,158.05,142.23,47.5167,57.03,371.67,4395.26
2021-08-31,151.83,301.88,22.385,49.721,144.698,173.54,76.84,258.29,173.13,416.27,159.95,285.77,229.1,54.52,83.99,168.36,142.39,49.3667,56.31,359.8,4522.68
2021-09-30,141.5,281.92,20.716,48.493,133.676,164.252,79.833,231.05,161.5,390.74,163.69,272.94,222.75,58.82,78.52,149.31,139.8,46.46,52.47,345.1,4307.54
2021-10-29,149.8,331.62,25.567,53.167,148.046,168.622,84.848,254.76,162.88,460.47,169.89,287.01,211.77,64.47,85.33,164.76,142.99,49.8067,56.37,332.32,4605.38
2021-11-30,165.3,330.59,32.676,55.368,141.897,175.354,91.157,248.04,155.93,444.22,158.83,276.69,193.77,59.84,86.78,162.06,144.58,46.8767,52.45,333.32,4567.0
2021-12-31,177.57,336.32,29.411,66.541,144.852,166.717,92.793,276.22,171.07,502.14,158.35,299.0,216.71,61.19,93.36,172.82,163.58,48.23,59.21,355.41,4766.18
2022-01-31,174.78,310.98,24.486,58.588,135.304,149.574,86.233,245.39,172.29,472.57,148.6,313.02,226.17,75.96,78.12,158.43,160.45,46.6033,61.01,389.13,4515.55
2022-02-28,165.12,298.79,24.385,58.744,135.057,153.563,99.042,249.95,164.57,475.87,141.8,321.45,216.12,78.42,78.27,154.29,155.89,45.0533,62.24,433.8,4373.94
2022-03-31,174.61,308.31,27.286,62.968,139.068,162.998,103.752,286.37,177.23,509.97,136.32,352.91,221.77,82.59,84.71,151.76,152.8,49.64,62.0,441.4,4530.41
2022-04-29,157.65,277.52,18.547,55.439,114.11,124.282,93.547,292.13,180.46,508.55,119.36,322.83,213.13,85.25,71.02,145.02,160.55,50.9967,64.61,432.12,4131.93
2022-05-31,148.84,271.87,18.672,58.013,113.762,120.21,83.797,313.44,179.53,496.78,132.23,315.98,212.17,96.0,75.69,138.6,147.88,42.8767,63.38,440.11,4132.15
2022-06-30,136.72,256.83,15.159,48.581,108.963,106.21,82.323,324.23,177.51,513.63,112.61,273.02,196.89,85.64,77.46,125.99,143.79,40.5267,62.91,429.96,3785.38
2022-07-29,162.51,280.74,18.163,53.548,116.32,134.95,83.183,329.69,174.52,542.34,115.36,300.6,212.11,96.93,84.49,148.39,138.91,44.0167,64.17,413.81,4130.29
2022-08-31,157.22,261.47,15.094,49.911,108.22,126.77,92.802,301.23,161.34,519.33,113.73,280.8,198.71,95.59,85.06,136.64,137.94,44.1833,61.71,420.11,3955.0
2022-09-30,138.2,232.9,12.139,44.401,95.65,113.0,81.895,323.35,163.36,505.04,104.5,267.02,177.65,87.31,78.41,133.36,126.25,43.2333,56.02,386.29,3585.62
2022-10-31,153.34,232.13,13.497,47.012,94.51,102.44,85.795,362.09,173.97,555.15,125.88,295.09,207.16,110.81,77.5,150.07,134.67,47.4433,59.85,486.68,3871.98
2022-11-30,148.03,255.14,16.923,55.103,100.99,96.54,84.95,371.08,178.0,547.76,138.18,318.6,217.0,111.34,84.7,163.45,149.16,50.8067,63.61,485.19,4080.11
2022-12-30,129.93,239.82,14.614,55.913,88.23,84.0,69.77,365.84,176.65,530.18,134.1,308.9,207.76,110.3,83.6,156.95,151.56,47.2633,63.61,486.49,3839.5
2023-01-31,144.29,247.81,19.537,58.501,98.84,103.13,79.32,344.15,163.42,499.19,139.96,311.52,230.21,116.01,74.63,162.21,142.38,47.9567,61.32,463.26,4076.6
2023-02-28,147.41,249.42,23.216,59.429,90.06,94.23,94.185,311.22,153.26,475.94,143.35,305.18,219.94,109.91,71.03,174.93,137.56,47.3767,59.51,474.26,3970.15
2023-03-31,164.9,288.3,27.777,64.154,103.73,103.29,99.87,343.42,155.0,472.59,130.31,308.77,225.46,109.66,77.08,171.34,148.69,49.15,62.03,472.73,4109.31
2023-04-28,169.68,307.26,27.749,62.65,107.34,105.45,91.23,395.86,163.7,492.09,138.24,328.55,232.73,118.34,76.63,167.12,156.38,50.3233,64.15,464.45,4169.48
2023-05-31,177.25,328.39,37.834,80.796,122.87,120.58,106.695,429.46,155.06,487.24,135.71,321.08,221.03,102.18,73.46,175.9,142.5,48.9567,59.66,444.01,4179.83
2023-06-30,193.97,340.54,42.302,86.743,119.7,130.36,127.755,468.98,165.52,480.64,145.44,341.0,237.48,107.25,74.2,201.1,151.74,52.3933,60.22,460.38,4450.38
2023-07-31,196.45,335.92,46.729,89.865,132.72,133.68,124.98,454.55,167.53,506.37,157.96,351.96,237.73,107.24,73.3,205.32,156.3,53.2867,61.93,446.37,4588.96
2023-08-31,187.87,327.76,49.355,92.289,136.17,138.01,121.65,554.2,161.68,476.58,146.33,360.2,245.68,111.19,66.8,230.37,154.34,54.2033,59.83,448.35,4507.66
2023-09-29,171.21,315.75,43.499,83.058,130.86,127.12,117.22,537.13,155.75,504.19,145.02,350.3,230.01,117.58,57.29,213.28,145.86,53.31,55.98,408.96,4288.05
2023-10-31,170.77,338.11,40.78,84.137,124.08,133.09,121.51,553.93,148.34,535.56,139.06,341.33,235.1,105.85,58.3,207.91,150.03,54.47,56.49,454.64,4193.8
2023-11-30,189.95,378.91,46.77,92.573,132.53,146.09,147.545,591.04,154.66,552.97,156.08,360.0,256.68,102.74,58.51,227.69,153.52,51.8967,58.44,447.77,4567.8
2023-12-29,192.53,376.04,49.522,111.625,139.69,151.94,147.44,582.92,156.74,526.47,170.1,356.66,260.35,99.98,60.74,240.82,146.54,52.55,58.93,453.24,4769.83
2024-01-31,184.4,397.58,61.527,118.0,140.1,155.2,169.255,645.61,158.9,511.74,174.36,383.74,273.26,102.81,58.63,246.08,157.14,55.0833,59.49,429.41,4845.65
2024-02-29,180.75,413.64,79.112,130.049,138.46,176.76,155.275,753.68,161.38,493.6,186.06,409.4,282.64,104.52,55.19,289.0,158.94,58.61,60.02,428.24,5096.27
2024-03-29,171.48,420.72,90.356,132.541,150.93,180.38,142.065,777.96,158.19,494.7,200.3,420.52,279.08,116.24,63.91,312.68,162.25,60.17,61.18,454.87,5254.35
2024-04-30,170.33,389.33,86.402,130.027,162.78,175.0,145.445,781.1,144.59,483.7,191.74,396.73,268.61,118.27,66.97,318.26,163.2,59.35,61.77,464.93,5035.69
2024-05-31,192.25,415.13,109.633,132.855,172.5,176.44,147.455,820.34,146.67,495.37,202.63,414.4,272.46,117.26,80.02,332.85,164.54,65.76,62.93,470.34,5277.51
2024-06-28,210.62,446.95,123.54,160.553,182.15,193.25,169.505,905.38,146.16,509.26,202.26,406.8,262.47,115.12,70.81,313.55,164.92,67.71,63.65,467.1,5460.48
2024-07-31,222.08,418.35,117.02,160.68,171.54,186.98,162.365,804.27,157.85,576.16,212.8,438.5,265.67,118.59,76.39,304.79,160.76,68.64,66.74,541.92,5522.3
2024-08-30,229.0,417.14,119.37,162.82,163.38,178.5,181.36,960.02,165.86,590.2,224.8,475.92,276.37,117.94,80.51,306.93,171.54,77.23,72.47,568.1,5648.4
2024-09-30,233.0,430.3,121.44,172.5,165.85,186.33,170.9,885.94,162.06,584.68,210.86,460.26,274.95,117.22,84.53,331.44,173.2,80.75,71.86,584.56,5762.48
2024-10-31,225.91,406.35,132.76,169.77,171.11,186.4,180.165,829.74,159.86,564.5,221.92,450.92,289.85,116.78,79.25,331.58,165.18,81.95,65.31,546.05,5705.45
2024-11-29,237.33,423.46,138.25,162.08,168.95,207.89,193.91,795.35,155.01,610.2,249.72,483.02,315.08,117.96,78.67,375.42,179.26,92.5,64.08,529.41,6032.38
2024-12-31,250.42,421.5,134.29,231.84,189.3,219.39,181.96,772.0,144.62,505.86,239.71,453.28,316.04,107.57,71.69,331.87,167.65,90.35,62.26,485.94,5881.63
2025-01-31,236.0,415.06,120.07,221.27,204.02,237.68,184.42,811.08,152.15,542.49,267.3,468.67,341.8,106.83,71.56,326.44,165.99,98.16,63.48,462.95,6040.53
2025-02-28,241.84,396.99,124.92,199.43,170.28,212.28,190.43,920.63,165.02,474.96,264.65,513.83,362.71,111.33,70.17,293.32,173.84,98.61,71.21,450.37,5954.5
2025-03-31,222.13,375.39,108.38,167.43,154.64,190.26,170.64,825.91,165.84,523.75,245.3,532.58,350.46,118.93,70.89,271.83,170.42,87.79,71.62,446.71,5611.85
2025-04-30,212.5,395.26,108.92,192.47,158.8,184.42,186.93,898.95,156.31,411.44,244.62,533.25,345.5,105.63,66.88,294.37,162.57,97.25,72.55,477.75,5569.06
2025-05-30,200.85,460.36,135.13,242.07,171.74,205.01,192.42,737.67,155.21,301.91,264.0,503.96,365.19,102.3,70.64,320.2,169.89,98.72,72.1,482.38,5911.69
2025-06-30,205.17,497.41,157.99,275.65,176.23,219.39,204.64,779.53,152.75,311.97,289.91,485.77,355.05,107.8,69.42,356.99,159.32,97.78,70.75,463.14,6204.95
2025-07-31,207.57,533.5,177.87,293.7,191.9,234.11,173.6,740.07,164.74,249.56,296.24,471.88,345.47,111.64,71.06,384.72,150.47,97.98,67.89,420.98,6339.39
2025-08-29,232.14,506.69,174.18,297.39,212.91,229.0,190.52,732.58,177.17,309.87,301.42,502.98,351.78,114.29,72.05,349.14,157.04,96.98,68.99,455.63,6460.26
2025-09-30,254.63,517.95,186.58,329.91,243.1,219.57,203.62,763.0,185.42,345.3,315.43,502.74,341.38,112.75,75.49,374.25,153.65,103.06,66.32,499.21,6688.46
2025-10-31,270.37,517.81,202.49,369.63,281.19,244.22,220.24,862.86,188.87,341.56,311.12,477.54,340.74,114.36,81.4,381.56,150.37,101.18,68.9,491.88,6840.2
2025-11-28,278.85,492.01,177.0,402.96,320.18,233.22,190.13,1075.47,206.92,329.77,313.08,513.81,334.44,115.92,86.29,345.89,148.16,110.51,73.12,457.86,6849.09
2025-12-31,271.86,483.62,186.5,346.1,313.0,230.82,184.2,1074.68,206.95,330.11,322.22,502.65,350.71,120.34,80.28,318.51,143.31,111.41,69.91,483.67,6845.5
2026-01-30,259.48,430.29,191.13,331.3,338.0,239.3,176.97,1037.15,227.25,286.93,305.89,480.53,321.83,141.4,87.9,351.42,151.77,119.14,74.81,634.22,6939.03
2026-02-27,264.18,392.74,177.19,319.55,311.76,210.0,148.92,1051.99,248.43,293.27,300.3,504.95,320.14,152.5,93.77,375.92,167.2,127.95,81.56,658.08,6878.88
2026-03-31,253.79,370.17,174.4,309.51,287.56,208.27,160.32,919.77,244.44,270.59,294.16,479.2,302.24,169.66,92.88,357.67,144.44,124.28,76.05,604.39,6528.52
2026-04-30,271.35,407.78,199.57,417.43,384.8,265.06,179.32,934.6,229.85,370.48,313.23,473.6,329.84,154.33,97.88,433.01,147.09,131.93,78.76,517.97,7209.01
